Tarih,Hisse,Karar,Fiyat,Hedef_Fiyat,Stop_Loss,Guven_Skoru,Kazanc_Potansiyeli,RSI,Analiz_Ozeti,Kasa_Yonetimi,Risk_Odul,Haber_Baslik,Link
2025-12-11 19:36,T,AL,24.39,26.83,23.17,65,%10.0,33.44,"CEO'nun veri ihlali nedeniyle istifası kısa vadeli bir fırsat yaratabilir, RSI aşırı satım bölgesinde ve bir tepki yükselişi beklenebilir.",%5,1:2,Coupang CEO Resigns Over Data Breach in South Korea,https://www.wsj.com/business/retail/coupang-ceo-resigns-over-data-breach-in-south-korea-2470c640?siteid=yhoof2&yptr=yahoo
2025-12-11 19:36,T,AL,24.39,25.6,23.8,65,%4.96,33.44,"Haber M&A beklentisi içeriyor, düşüş trendi ve düşük RSI tepki alımı için fırsat sunuyor.",%5,1:2,Barclays India CEO Kumar on M&A Activity in 2026,https://finance.yahoo.com/video/barclays-india-ceo-kumar-m-091941118.html
2025-12-11 19:36,T,AL,24.39,25.6,23.75,65,%4.96,33.44,"Aşırı satım bölgesindeki RSI ve olumlu haber akışı, kısa vadeli tepki alımını destekleyebilir.",%5,1:2,Hong Kong's IPO juggernaut projected to raise up to US$45 billion in 2026: KPMG,https://finance.yahoo.com/news/hong-kongs-ipo-juggernaut-projected-093000854.html
2025-12-11 19:36,T,AL,24.39,25.6,23.8,65,%4.96,33.44,Aşırı satım bölgesindeki RSI ve Çin piyasası haberlerinin tetikleyebileceği tepki alımı fırsatı.,%5,1:2,Investors brace as Beijing's policy huddle tests durability of China stock rebound,https://finance.yahoo.com/news/investors-brace-beijings-policy-huddle-093000150.html
2025-12-11 19:36,T,AL,24.39,25.6,23.75,65,%4.96,33.44,Olumsuz haber sonrası RSI'daki aşırı satım bölgesinden tepki alımı beklentisi ve kısa vadeli yükseliş potansiyeli.,%3,1:1.8,Chinese supercomputer maker Sugon and chip developer Hygon call off merger plans,https://finance.yahoo.com/news/chinese-supercomputer-maker-sugon-chip-093000684.html
2025-12-11 19:36,T,AL,24.39,25.5,23.8,65,%4.55,33.44,"İşsizlik başvurularındaki düşüş haberi ve aşırı satım bölgesindeki RSI, kısa vadeli bir tepki alımı için fırsat sunuyor.",%5,1:1.89,Jobless claims fall to lowest level since mid-May,https://www.marketwatch.com/story/jobless-claims-fall-to-lowest-level-since-mid-may-bda58e3b?mod=mw_rss_marketpulse
2025-12-11 19:36,T,AL,24.39,25.6,23.8,65,%4.96,33.44,"İşsizlik başvurularındaki düşüklük ve aşırı satım bölgesindeki RSI, kısa vadeli bir tepki alımı için fırsat sunuyor.",%5,1:2,Jobless claims stay low in latest week,https://www.marketwatch.com/story/jobless-claims-stay-low-in-latest-week-27b4b50b?mod=mw_rss_marketpulse
2025-12-11 19:36,T,AL,24.39,25.6,23.87,65,%4.96,33.44,Tüketici kredisi büyümesi ve aşırı satım RSI ile birleşince kısa vadeli tepki alımı fırsatı sunuyor.,%5,1:2.3,Consumer credit growth soars in December,https://www.marketwatch.com/story/consumer-credit-growth-soars-in-december-d405d18e?mod=mw_rss_marketpulse
2025-12-11 19:36,T,AL,24.39,26.5,23.5,65,%8.6,33.44,"Düşüş trendine rağmen, aşırı satım bölgesindeki RSI ve makroekonomik haber akışının potansiyel tepki alımları yaratması bekleniyor.",%5,1:2.4,U.S. productivity slows down in fourth quarter while unit labor costs accelerate,https://www.marketwatch.com/story/u-s-productivity-slows-down-in-fourth-quarter-while-unit-labor-costs-accelerate-3c2b9092?mod=mw_rss_marketpulse
2025-12-11 19:36,T,AL,24.39,26.83,23.66,75,%10.0,33.44,"Olumlu haber akışı ve aşırı satım bölgesindeki RSI, düşüş trendine rağmen kısa vadeli tepki alımını destekliyor.",%5,1:3.3,Beyond to buy rights to Buy Buy Baby brand and reunite it with Bed Bath & Beyond,https://www.marketwatch.com/story/beyond-to-buy-rights-to-buy-buy-baby-brand-and-reunite-it-with-bed-bath-beyond-4383c6be?mod=mw_rss_marketpulse
2025-12-11 19:36,T,AL,24.39,25.6,23.75,65,%4.96,33.44,"RSI aşırı satım bölgesinde ve haber akışı ETF lansmanını destekliyor, kısa vadeli tepki alımı beklenebilir.",%5,1:1.8,VanEck turns online slang into strategy with 'Degen Economy' ETF,https://www.cnbc.com/2025/12/11/vaneck-turns-online-slang-into-strategy-with-degen-economy-etf.html
2025-12-11 19:36,ORCL,AL,199.64,208.0,196.0,65,%4.19,35.09,Aşırı satım bölgesindeki RSI ve haber akışı tepki alımı için fırsat sunuyor; trende rağmen kısa vadeli yükseliş beklentisi var.,%5,1:2.3,"Stocks making the biggest moves midday: Oracle, Vail Resorts, GE Vernova, Brinks, Ciena & more",https://www.cnbc.com/2025/12/11/stocks-making-the-biggest-moves-midday-orcl-mtn-gev-bco-cien.html
2025-12-11 19:36,T,BEKLE,24.38,25.5,23.8,55,%4.6,33.38,"Düşüş trendi ve AI hakkındaki haberler belirsizlik yaratırken, RSI aşırı satım bölgesinde ancak güvenli bir trade için trendin dönmesi beklenmeli.",%3,1:1.9,'Big Short' Steve Eisman is getting worried about the AI trade,https://www.cnbc.com/2025/12/11/big-short-steve-eisman-is-getting-worried-about-the-ai-trade.html
2025-12-11 19:36,ADBE,AL,354.29,365.0,347.0,75,%3.0,65.36,"Pozitif haber akışı ve yükseliş trendi AL sinyali veriyor, RSI nötr seviyelerde.",%5,1:1.4,"Stocks making the biggest moves premarket: Oracle, Oxford Industries, Adobe, Gemini Space Station & more",https://www.cnbc.com/2025/12/11/stocks-making-the-biggest-moves-premarket-orcl-oxm-adbe-gemi.html
2025-12-11 19:36,T,AL,24.38,25.5,23.8,65,%4.6,33.38,"Olumlu haber akışı ve düşük RSI, düşüş trendine rağmen kısa vadeli tepki alımı fırsatı sunuyor.",%5,1:2,Goldman Sachs leads investment in software delivery startup Harness at $5.5 billion valuation,https://www.cnbc.com/2025/12/11/harness-is-worth-5point5-billion-in-round-led-by-goldman-sachs.html
2025-12-11 19:37,T,AL,24.38,25.6,23.75,65,%4.99,33.33,"RSI aşırı satım bölgesinde ve faiz indirimi beklentisi haberiyle birlikte kısa vadeli tepki alımı beklenebilir, trend hala düşüşte olduğu için pozisyon küçük tutulmalı.",%3,1:1.9,The case for more Fed rate cuts could rest on a 'systemic overcount' of jobs numbers,https://www.cnbc.com/2025/12/11/case-for-more-fed-rate-cuts-could-rest-on-systemic-overcount-of-jobs.html
2025-12-11 19:37,T,AL,24.38,25.5,23.87,70,%4.6,33.33,"SpaceX IPO haberi ve aşırı satım RSI, kısa vadeli tepki alımı için fırsat sunuyor.",%5,1:2.2,Musk says SpaceX report of 2026 IPO is 'accurate',https://www.cnbc.com/2025/12/11/musk-says-spacex-report-of-2026-ipo-is-accurate.html
2025-12-11 19:37,T,BEKLE,24.38,25.5,23.8,45,%4.6,33.33,"Düşüş trendi, olumsuz haber akışı ve düşük RSI, alım için henüz erken; tepki alımı için haber akışı ve fiyat hareketleri izlenmeli.",%3,1:1.9,Rivian stock slides 9% after unveiling new AI tech and robotaxi ambitions,https://www.cnbc.com/2025/12/11/rivian-autonomy-ai-day.html
2025-12-11 19:37,T,AL,24.38,25.6,23.89,70,%5.0,33.33,"RSI aşırı satım bölgesinde, haber petrol fiyatlarını destekleyebilir ve tepki alımı getirebilir.",%5,1:2.5,U.S. preparing to seize more oil tankers off Venezuela coast: Report,https://www.cnbc.com/2025/12/11/us-preparing-to-seize-more-oil-tankers-off-venezuela-coast-report.html
2025-12-11 19:39,T,AL,24.41,25.6,23.9,65,%4.87,33.83,Aşırı satım RSI ve genel piyasa haberi ile küçük bir tepki alımı denenebilir.,%3,2.3:1,Should You Buy the Invesco QQQ ETF With the Nasdaq Near an All-Time High? History Offers a Clear Answer.,https://finance.yahoo.com/news/buy-invesco-qqq-etf-nasdaq-092600801.html
2025-12-11 19:39,T,BEKLE,24.41,25.5,23.7,55,%4.47,33.83,Düşüş trendi ve Çin haberleri belirsizlik yaratıyor; RSI düşük olsa da trend onayı beklenmeli.,%3,1:1.5,Investors brace as Beijing's policy huddle tests durability of China stock rebound,https://finance.yahoo.com/news/investors-brace-beijings-policy-huddle-093000150.html
2025-12-11 19:39,T,BEKLE,24.41,25.5,23.75,55,%4.5,33.83,"Birleşme iptali haberi ve düşüş trendi sebebiyle beklemede kalınmalı, tepki alımı için RSI'ın daha da düşmesi ve trendin değiştiğine dair sinyaller beklenmeli.",%3,1:1.6,Chinese supercomputer maker Sugon and chip developer Hygon call off merger plans,https://finance.yahoo.com/news/chinese-supercomputer-maker-sugon-chip-093000684.html
2025-12-11 19:39,T,AL,24.41,25.63,23.68,65,%5.0,33.83,"JD.com'un yatırımı ve aşırı satım bölgesindeki RSI, kısa vadeli bir tepki alımı fırsatı sunuyor.",%5,1:1.67,JD.com buys into Hong Kong Central tower as Lai Sun offloads US$450 million stake,https://finance.yahoo.com/news/jd-com-buys-hong-kong-093000599.html
2025-12-11 19:39,T,AL,24.41,25.63,23.68,65,%5.0,33.83,"Düşüş trendine rağmen pozitif haber akışı ve aşırı satım RSI, kısa vadeli tepki alımı fırsatı sunuyor.",%5,1:1.67,Hong Kong's IPO juggernaut projected to raise up to US$45 billion in 2026: KPMG,https://finance.yahoo.com/news/hong-kongs-ipo-juggernaut-projected-093000854.html
2025-12-11 19:39,T,AL,24.41,25.63,23.68,65,%5.0,33.83,"Düşüş trendinde olmasına rağmen işsizlik başvurularındaki düşüş haberi ve aşırı satım bölgesine yakın RSI, kısa vadeli bir tepki alımına işaret ediyor.",%5,1:1.67,Jobless claims fall to lowest level since mid-May,https://www.marketwatch.com/story/jobless-claims-fall-to-lowest-level-since-mid-may-bda58e3b?mod=mw_rss_marketpulse
2025-12-11 19:39,T,AL,24.4,25.6,23.8,65,%4.9,33.82,"Düşüş trendine rağmen, düşük işsizlik başvuruları ve düşük RSI, kısa vadeli bir tepki alımı için fırsat sunuyor.",%3,1:2,Jobless claims stay low in latest week,https://www.marketwatch.com/story/jobless-claims-stay-low-in-latest-week-27b4b50b?mod=mw_rss_marketpulse
2025-12-11 19:39,T,AL,24.4,25.6,23.8,65,%4.9,33.82,"Tüketici kredisi büyümesi ve aşırı satım RSI nedeniyle kısa vadeli tepki alımı beklenebilir, düşüş trendi dikkate alınmalı.",%5,1:1.96,Consumer credit growth soars in December,https://www.marketwatch.com/story/consumer-credit-growth-soars-in-december-d405d18e?mod=mw_rss_marketpulse
2025-12-11 19:39,T,AL,24.4,25.6,23.8,65,%4.9,33.82,Düşüş trendine rağmen düşük RSI ve haber akışının potansiyel tepki alımları yaratabileceği düşünülerek kısa vadeli alım fırsatı değerlendirilebilir.,%3,1:2,U.S. productivity slows down in fourth quarter while unit labor costs accelerate,https://www.marketwatch.com/story/u-s-productivity-slows-down-in-fourth-quarter-while-unit-labor-costs-accelerate-3c2b9092?mod=mw_rss_marketpulse
2025-12-11 19:39,T,AL,24.41,26.85,23.41,75,%10.0,33.94,"Olumlu haber akışı ve aşırı satım bölgesindeki RSI, kısa vadeli bir tepki alımı fırsatı sunuyor.",%5,1:2.4,Beyond to buy rights to Buy Buy Baby brand and reunite it with Bed Bath & Beyond,https://www.marketwatch.com/story/beyond-to-buy-rights-to-buy-buy-baby-brand-and-reunite-it-with-bed-bath-beyond-4383c6be?mod=mw_rss_marketpulse
2025-12-11 19:39,T,AL,24.41,25.5,23.9,65,%4.46,33.94,"RSI aşırı satım bölgesinde ve haber akışı olumlu, kısa vadeli tepki alımı fırsatı sunuyor.",%5,1:2.13,VanEck turns online slang into strategy with 'Degen Economy' ETF,https://www.cnbc.com/2025/12/11/vaneck-turns-online-slang-into-strategy-with-degen-economy-etf.html
2025-12-11 19:39,ORCL,AL,200.59,212.0,195.5,70,%5.7,35.49,"Haber akışı ve aşırı satım bölgesindeki RSI, kısa vadeli bir tepki alımı fırsatı sunuyor; düşüş trendi devam etse de bir sıçrama beklenebilir.",%3,1:2.3,"Stocks making the biggest moves midday: Oracle, Vail Resorts, GE Vernova, Brinks, Ciena & more",https://www.cnbc.com/2025/12/11/stocks-making-the-biggest-moves-midday-orcl-mtn-gev-bco-cien.html
2025-12-11 19:39,T,BEKLE,24.42,25.5,23.7,55,%4.4,34.05,"AI trade endişeleri ve düşüş trendi nedeniyle temkinli olunmalı, RSI düşük olsa da haber akışı belirsizliği artırıyor.",%3,1:1.5,'Big Short' Steve Eisman is getting worried about the AI trade,https://www.cnbc.com/2025/12/11/big-short-steve-eisman-is-getting-worried-about-the-ai-trade.html
2025-12-11 19:39,ADBE,AL,355.87,368.0,350.0,75,%3.4,66.11,"Günlük yükseliş, pozitif haber akışı ve uygun RSI seviyesi alım fırsatı sunuyor.",%5,1:2.06,"Stocks making the biggest moves premarket: Oracle, Oxford Industries, Adobe, Gemini Space Station & more",https://www.cnbc.com/2025/12/11/stocks-making-the-biggest-moves-premarket-orcl-oxm-adbe-gemi.html
2025-12-11 19:39,T,AL,24.42,26.0,23.7,65,%6.4,34.05,"Pozitif haber akışı ve düşük RSI, düşüş trendinde kısa vadeli tepki alımı fırsatı sunuyor.",%5,1:2.2,Goldman Sachs leads investment in software delivery startup Harness at $5.5 billion valuation,https://www.cnbc.com/2025/12/11/harness-is-worth-5point5-billion-in-round-led-by-goldman-sachs.html
2025-12-11 19:39,T,AL,24.42,26.5,23.69,65,%8.5,34.05,"Fed faiz indirimi beklentisi ve düşük RSI, düşüş trendine rağmen kısa vadeli alım fırsatı sunuyor.",%5,1:2.8,The case for more Fed rate cuts could rest on a 'systemic overcount' of jobs numbers,https://www.cnbc.com/2025/12/11/case-for-more-fed-rate-cuts-could-rest-on-systemic-overcount-of-jobs.html
2025-12-11 19:40,T,AL,24.42,25.64,23.93,75,%5.0,34.05,"Musk'ın SpaceX IPO haberiyle desteklenen, aşırı satım bölgesine yakın RSI değeri tepki alımını tetikleyebilir.",%5,1:2.5,Musk says SpaceX report of 2026 IPO is 'accurate',https://www.cnbc.com/2025/12/11/musk-says-spacex-report-of-2026-ipo-is-accurate.html
2025-12-11 19:40,T,AL,24.42,25.64,23.69,65,%5.0,34.05,"Venezuela haberleri petrol fiyatlarını destekleyebilir, düşüş trendine rağmen RSI aşırı satım bölgesine yakın, kısa vadeli alım fırsatı sunuyor.",%5,1:1.67,U.S. preparing to seize more oil tankers off Venezuela coast: Report,https://www.cnbc.com/2025/12/11/us-preparing-to-seize-more-oil-tankers-off-venezuela-coast-report.html
2025-12-11 19:40,T,BEKLE,24.42,25.5,23.8,55,%4.4,34.05,"Düşüş trendi ve olumsuz haber akışı nedeniyle temkinli olunmalı, ancak RSI'daki toparlanma potansiyel bir alım fırsatı sunabilir.",%3,1:1.76,"'Spoof' ship: Seized oil tanker Skipper hid location data, visited Iran and Venezuela",https://www.cnbc.com/2025/12/11/us-venezuela-iran-oil-tanker-skipper-trump.html
2025-12-11 19:40,T,BEKLE,24.43,25.5,23.7,55,%4.38,34.37,"Olumsuz haber akışı ve düşüş trendi devam ederken, RSI'daki aşırı satım durumu kısa vadeli bir tepki alımına işaret edebilir, ancak temkinli olmak gerekir.",%3,1:1.46,Rivian stock slides 9% after unveiling new AI tech and robotaxi ambitions,https://www.cnbc.com/2025/12/11/rivian-autonomy-ai-day.html
2025-12-11 19:43,T,AL,24.44,25.5,24.0,65,%4.3,34.7,"Aşırı satım bölgesindeki RSI ve Bitcoin ETF haberleri kısa vadeli tepki alımını destekliyor, trende rağmen küçük pozisyon alınabilir.",%5,1:2.4,New ETF Proposal Targets Bitcoin’s Overnight Returns as Outflows Hit Record Levels,https://finance.yahoo.com/news/etf-proposal-targets-bitcoin-overnight-093354561.html
2025-12-11 19:43,T,AL,24.44,26.5,23.66,65,%8.43,34.7,"Gümüş haberlerindeki pozitiflik ve aşırı satım bölgesine yakın RSI, kısa vadeli tepki alımı fırsatı sunuyor.",%5,1:2.64,"Silver Climbs to New Highs on Rate-Cut Bets, Supply Tightness",https://www.barrons.com/livecoverage/stock-market-news-today-121025/card/silver-climbs-to-new-highs-on-rate-cut-bets-supply-tightness-pxK8FfUOJzIgWvdXUlTg?siteid=yhoof2&yptr=yahoo
2025-12-11 19:43,T,AL,24.44,25.66,23.95,65,%5.0,34.7,"Düşüş trendine rağmen, pozitif haber akışı ve düşük RSI, kısa vadeli tepki alımı fırsatı sunuyor.",%5,1:2.5,Is Entergy Stock Outperforming the Nasdaq?,https://finance.yahoo.com/news/entergy-stock-outperforming-nasdaq-094554087.html
2025-12-11 19:43,T,AL,24.44,25.66,23.8,65,%5.0,34.7,Düşüş trendine rağmen aşırı satım bölgesine yakın RSI ve Fed kararının piyasayı etkileme potansiyeli kısa vadeli tepki alımı fırsatı sunuyor.,%5,1:1.9,Global Markets Mixed as All Eyes Turn to Fed Rate Decision,https://www.wsj.com/finance/stocks/global-markets-mixed-as-all-eyes-turn-to-fed-rate-decision-6fbc2c35?siteid=yhoof2&yptr=yahoo
2025-12-11 19:43,T,AL,24.44,25.66,23.71,65,%5.0,34.7,"Düşüş trendine rağmen, aşırı satım bölgesindeki RSI ve haber akışının nötr etkisi, kısa vadeli tepki alımı için fırsat sunuyor.",%5,1:1.67,Investors brace as Beijing's policy huddle tests durability of China stock rebound,https://finance.yahoo.com/news/investors-brace-beijings-policy-huddle-093000150.html
2025-12-11 19:43,T,AL,24.44,25.66,23.7,65,%5.0,34.7,İşsizlik başvurularındaki düşüşün olumlu etkisi ve RSI'daki aşırı satım durumu kısa vadeli tepki alımı fırsatı sunuyor.,%3,1:1.67,Jobless claims fall to lowest level since mid-May,https://www.marketwatch.com/story/jobless-claims-fall-to-lowest-level-since-mid-may-bda58e3b?mod=mw_rss_marketpulse
2025-12-11 19:43,T,AL,24.44,26.5,23.66,65,%8.43,34.7,"İşsizlik başvurularındaki düşüklükle gelen haber akışı ve düşük RSI, kısa vadeli bir tepki alımı için fırsat sunuyor.",%5,1:2.64,Jobless claims stay low in latest week,https://www.marketwatch.com/story/jobless-claims-stay-low-in-latest-week-27b4b50b?mod=mw_rss_marketpulse
2025-12-11 19:43,T,AL,24.44,25.75,23.95,70,%5.36,34.7,"Tüketici kredisi büyümesi ve düşük RSI seviyesi alım fırsatı sunuyor, hedef SMA50 direnci.",%5,1:2.68,Consumer credit growth soars in December,https://www.marketwatch.com/story/consumer-credit-growth-soars-in-december-d405d18e?mod=mw_rss_marketpulse
2025-12-11 19:43,T,AL,24.45,25.75,23.85,65,%5.3,34.8,RSI aşırı satım bölgesinde ve düşüş trendine rağmen haberin tetikleyeceği tepki alımı fırsatı sunuyor.,%5,1:2.1,U.S. productivity slows down in fourth quarter while unit labor costs accelerate,https://www.marketwatch.com/story/u-s-productivity-slows-down-in-fourth-quarter-while-unit-labor-costs-accelerate-3c2b9092?mod=mw_rss_marketpulse
2025-12-11 19:43,T,AL,24.45,26.5,23.7,75,%8.4,34.8,"Olumlu haber akışı ve düşük RSI, düşüş trendine rağmen kısa vadeli alım fırsatı sunuyor.",%7,1:2.7,Beyond to buy rights to Buy Buy Baby brand and reunite it with Bed Bath & Beyond,https://www.marketwatch.com/story/beyond-to-buy-rights-to-buy-buy-baby-brand-and-reunite-it-with-bed-bath-beyond-4383c6be?mod=mw_rss_marketpulse
2025-12-11 19:43,T,AL,24.45,25.5,23.95,65,%4.3,34.8,"Düşüş trendinde RSI aşırı satımda ve haber akışı olumlu, kısa vadeli tepki alımı fırsatı sunuyor.",%3,1:2.15,VanEck turns online slang into strategy with 'Degen Economy' ETF,https://www.cnbc.com/2025/12/11/vaneck-turns-online-slang-into-strategy-with-degen-economy-etf.html
2025-12-11 19:44,ORCL,AL,201.18,211.24,197.16,70,%5.0,35.74,"Düşüş trendine rağmen, haber akışı ve aşırı satım RSI seviyesi kısa vadeli tepki alımı fırsatı sunuyor.",%5,1:2.5,"Stocks making the biggest moves midday: Oracle, Vail Resorts, GE Vernova, Brinks, Ciena & more",https://www.cnbc.com/2025/12/11/stocks-making-the-biggest-moves-midday-orcl-mtn-gev-bco-cien.html
2025-12-11 19:44,T,AL,24.44,25.9,23.7,65,%6.0,34.7,RSI aşırı satım bölgesinde ve habere rağmen tepki alımı beklentisiyle düşük riskli alım fırsatı.,%5,1:2,'Big Short' Steve Eisman is getting worried about the AI trade,https://www.cnbc.com/2025/12/11/big-short-steve-eisman-is-getting-worried-about-the-ai-trade.html
2025-12-11 19:44,ADBE,AL,354.96,365.0,347.85,75,%2.83,65.68,Olumlu haber akışı ve yükseliş trendiyle birlikte RSI'ın aşırı alım bölgesine girmeden desteklemesi alım fırsatı sunuyor.,%5,1:1.41,"Stocks making the biggest moves premarket: Oracle, Oxford Industries, Adobe, Gemini Space Station & more",https://www.cnbc.com/2025/12/11/stocks-making-the-biggest-moves-premarket-orcl-oxm-adbe-gemi.html
2025-12-11 19:44,T,AL,24.44,26.5,23.44,70,%8.4,34.7,"Pozitif haber akışı ve düşük RSI, düşüş trendi içinde kısa vadeli bir tepki alımı fırsatı sunuyor.",%5,1:2,Goldman Sachs leads investment in software delivery startup Harness at $5.5 billion valuation,https://www.cnbc.com/2025/12/11/harness-is-worth-5point5-billion-in-round-led-by-goldman-sachs.html
2025-12-11 19:44,T,AL,24.46,26.0,23.72,65,%6.3,34.91,"Fed faiz indirimi beklentisi ve düşük RSI, kısa vadeli tepki alımına işaret ediyor; SMA50 altında olması riski artırıyor.",%5,1:2.1,The case for more Fed rate cuts could rest on a 'systemic overcount' of jobs numbers,https://www.cnbc.com/2025/12/11/case-for-more-fed-rate-cuts-could-rest-on-systemic-overcount-of-jobs.html
2025-12-11 19:44,T,AL,24.46,26.5,23.72,70,%8.3,34.91,"SpaceX IPO haberi ve düşük RSI, düşüş trendine rağmen kısa vadeli alım fırsatı sunuyor.",%5,1:2.77,Musk says SpaceX report of 2026 IPO is 'accurate',https://www.cnbc.com/2025/12/11/musk-says-spacex-report-of-2026-ipo-is-accurate.html
2025-12-11 19:44,T,AL,24.46,25.7,23.73,65,%5.1,34.91,"Venezuela ile ilgili haber başlığı fiyatı destekleyebilirken, aşırı satım bölgesine yakın RSI seviyesi kısa vadeli bir yükseliş fırsatı sunuyor.",%5,1:1.76,U.S. preparing to seize more oil tankers off Venezuela coast: Report,https://www.cnbc.com/2025/12/11/us-preparing-to-seize-more-oil-tankers-off-venezuela-coast-report.html
2025-12-11 19:44,T,BEKLE,24.45,25.5,23.95,55,%4.3,34.91,"Düşüş trendi, zayıf RSI ve olumsuz haber akışı nedeniyle riskli, ancak tepki alımı potansiyeli için izlemede kalınmalı.",%2,1:2.15,"'Spoof' ship: Seized oil tanker Skipper hid location data, visited Iran and Venezuela",https://www.cnbc.com/2025/12/11/us-venezuela-iran-oil-tanker-skipper-trump.html
2025-12-11 19:44,T,AL,24.45,26.5,23.7,70,%8.4,34.91,"Olumlu OpenAI yatırımı haberi düşüş trendini kırmaya aday, RSI da destekliyor.",%3,1:2.7,"Disney making $1 billion investment in OpenAI, will allow characters on Sora AI video generator",https://www.cnbc.com/2025/12/11/disney-openai-sora-characters-video.html
2025-12-11 20:23,T,AL,24.43,26.5,23.7,75,%8.4,34.37,"Beklenmedik güçlü kazanç haberi ve düşük RSI, kısa vadeli tepki alımı için fırsat sunuyor; SMA50 altında olması nedeniyle dikkatli olunmalı.",%5,1:2.9,Designer Brands (BDI) Soars 48.45% on Earnings Blowout,https://finance.yahoo.com/news/designer-brands-bdi-soars-48-115804688.html
2025-12-11 20:23,T,AL,24.43,25.65,23.94,65,%5.0,34.37,"Kripto para piyasasındaki olumlu hava ve düşük RSI değeri, kısa vadeli bir tepki alımı fırsatı sunuyor.",%3,1:2.5,"Crypto News Today, December 10 – ETH USD Back Over $3.3K as Solana Eco Coins Like Pippin and HumidiFi Surge Hard: Best Crypto to Buy Now for Post FOMC Pump",https://finance.yahoo.com/news/crypto-news-today-december-10-115431345.html
2025-12-11 20:23,T,AL,24.42,26.5,23.6,75,%8.5,34.16,"Olumlu haber akışı ve düşük RSI, kısa vadeli yükseliş potansiyeli sunuyor; SMA50 direnci kırılabilir.",%5,1:2.5,Tronox Holdings (TROX) Climbs 25.6% on $600-Million Fundraising,https://finance.yahoo.com/news/tronox-holdings-trox-climbs-25-115830119.html
2025-12-11 20:23,T,AL,24.42,25.64,23.93,70,%5.0,34.16,"ECB'nin büyüme beklentisi açıklamasıyla düşüş trendinde RSI'ın aşırı satım bölgesinde olması, tepki alımı için fırsat sunuyor.",%5,1:2.5,"ECB Could Raise Growth Projections, Lagarde Says",https://www.wsj.com/articles/ecb-could-raise-growth-projections-lagarde-says-7523c91a?siteid=yhoof2&yptr=yahoo
2025-12-11 20:23,T,AL,24.42,26.5,23.5,70,%8.5,34.16,"Olumlu haber akışı ve düşük RSI seviyesi, kısa vadeli bir tepki alımı için fırsat sunuyor.",%5,1:2.3,AXT Inc. (AXTI) Hits New 24-Year High Ahead of Business Updates,https://finance.yahoo.com/news/axt-inc-axti-hits-24-115847597.html
2025-12-11 20:23,T,AL,24.42,25.64,23.93,75,%5.0,34.16,"İşsizlik başvurularındaki düşüş haberi ve düşük RSI, düşüş trendi içinde kısa vadeli bir tepki alımı için fırsat sunuyor.",%5,1:2.5,Jobless claims fall to lowest level since mid-May,https://www.marketwatch.com/story/jobless-claims-fall-to-lowest-level-since-mid-may-bda58e3b?mod=mw_rss_marketpulse
2025-12-11 20:23,T,AL,24.43,25.43,23.93,65,%4.1,34.37,"Düşük işsizlik başvuruları piyasayı destekleyebilir, aşırı satım bölgesindeki RSI ile kısa vadeli tepki alımı fırsatı sunuyor.",%5,1:2,Jobless claims stay low in latest week,https://www.marketwatch.com/story/jobless-claims-stay-low-in-latest-week-27b4b50b?mod=mw_rss_marketpulse
2025-12-11 20:23,T,AL,24.43,25.65,23.94,70,%5.0,34.37,"Tüketici kredisi büyüme haberi ve düşük RSI, düşüş trendinde kısa vadeli tepki alımı fırsatı sunuyor.",%5,1:2.5,Consumer credit growth soars in December,https://www.marketwatch.com/story/consumer-credit-growth-soars-in-december-d405d18e?mod=mw_rss_marketpulse
2025-12-11 20:23,T,AL,24.43,26.0,23.8,65,%6.4,34.37,Düşük RSI ve haberin olası negatif etkisine rağmen tepki alımı beklentisi ile kısa vadeli alım fırsatı.,%5,1:2.5,U.S. productivity slows down in fourth quarter while unit labor costs accelerate,https://www.marketwatch.com/story/u-s-productivity-slows-down-in-fourth-quarter-while-unit-labor-costs-accelerate-3c2b9092?mod=mw_rss_marketpulse
2025-12-11 20:23,T,AL,24.42,26.5,23.5,70,%8.5,34.27,"Pozitif haber akışı ve aşırı satım bölgesine yakın RSI, kısa vadeli tepki alımına işaret ediyor, düşüş trendine rağmen alım fırsatı sunuyor.",%5,1:2.3,Beyond to buy rights to Buy Buy Baby brand and reunite it with Bed Bath & Beyond,https://www.marketwatch.com/story/beyond-to-buy-rights-to-buy-buy-baby-brand-and-reunite-it-with-bed-bath-beyond-4383c6be?mod=mw_rss_marketpulse
2025-12-11 20:23,T,AL,24.42,26.5,23.69,65,%8.5,34.27,"Düşüş trendine rağmen düşük RSI ve haber akışı, kısa vadeli tepki alımı için fırsat sunuyor.",%3,1:2.8,VanEck turns online slang into strategy with 'Degen Economy' ETF,https://www.cnbc.com/2025/12/11/vaneck-turns-online-slang-into-strategy-with-degen-economy-etf.html
2025-12-11 20:23,ORCL,AL,199.47,209.44,194.48,70,%5.0,35.02,"Aşırı satım bölgesindeki RSI ve olumlu haber akışı, kısa vadeli bir tepki alımı fırsatı sunuyor.",%5,1:2,"Stocks making the biggest moves midday: Oracle, Vail Resorts, GE Vernova, Brinks, Ciena & more",https://www.cnbc.com/2025/12/11/stocks-making-the-biggest-moves-midday-orcl-mtn-gev-bco-cien.html
2025-12-11 20:23,T,BEKLE,24.42,25.5,23.9,60,%4.4,34.27,"Düşüş trendi ve AI trade endişeleri nedeniyle beklemek, RSI'ın daha da düşmesini veya trendin değişmesini beklemek daha güvenli.",%3,1:2.1,'Big Short' Steve Eisman is getting worried about the AI trade,https://www.cnbc.com/2025/12/11/big-short-steve-eisman-is-getting-worried-about-the-ai-trade.html
2025-12-11 20:23,ADBE,AL,352.12,362.0,345.0,75,%2.8,64.26,"Olumlu haber akışı ve yükseliş trendiyle birlikte kısa vadeli alım fırsatı sunuyor, risk yönetimine dikkat edilmeli.",%3,1:1.4,"Stocks making the biggest moves premarket: Oracle, Oxford Industries, Adobe, Gemini Space Station & more",https://www.cnbc.com/2025/12/11/stocks-making-the-biggest-moves-premarket-orcl-oxm-adbe-gemi.html
2025-12-11 20:23,T,AL,24.42,26.0,23.65,70,%6.47,34.27,"Pozitif haber akışı ve aşırı satım bölgesine yakın RSI, kısa vadeli tepki alımı için fırsat sunuyor.",%5,1:2.05,Goldman Sachs leads investment in software delivery startup Harness at $5.5 billion valuation,https://www.cnbc.com/2025/12/11/harness-is-worth-5point5-billion-in-round-led-by-goldman-sachs.html
2025-12-11 20:24,T,AL,24.43,26.5,23.7,65,%8.4,34.48,"Düşüş trendine rağmen, haberin FED faiz indirimi beklentisi oluşturması ve RSI'ın düşük seviyesi kısa vadeli tepki alımına işaret ediyor.",%5,1:2.8,The case for more Fed rate cuts could rest on a 'systematic overcount' of jobs numbers,https://www.cnbc.com/2025/12/11/case-for-more-fed-rate-cuts-could-rest-on-systemic-overcount-of-jobs.html
2025-12-11 20:24,T,AL,24.43,26.5,23.7,75,%8.4,34.48,"SpaceX IPO haberi hisseyi destekleyebilir, aşırı satım bölgesindeki RSI ile birlikte kısa vadeli alım fırsatı sunuyor.",%5,1:2.8,Musk says SpaceX report of 2026 IPO is 'accurate',https://www.cnbc.com/2025/12/11/musk-says-spacex-report-of-2026-ipo-is-accurate.html
2025-12-11 20:24,T,AL,24.43,25.65,23.7,65,%5.0,34.48,"Düşüş trendine rağmen, jeopolitik haber akışı ve düşük RSI, kısa vadeli bir tepki alımı fırsatı sunuyor.",%5,1:1.67,"Trump willing to seize more oil tankers off Venezuela coast, White House official says",https://www.cnbc.com/2025/12/11/us-preparing-to-seize-more-oil-tankers-off-venezuela-coast-report.html
2025-12-11 20:24,AVGO,AL,407.01,428.0,396.0,75,%5.16,64.39,"Dördüncü çeyrek kazanç raporu beklentisiyle yükseliş trendi devam edebilir, RSI aşırı alım bölgesinde değil; kısa vadeli alım fırsatı sunuyor.",%5,1:1.86,Broadcom reports fourth quarter earnings after the bell,https://www.cnbc.com/2025/12/11/broadcom-avgo-q4-earnings-2025.html
2025-12-11 20:24,T,BEKLE,24.44,25.5,23.7,55,%4.3,34.7,"Düşüş trendi ve olumsuz haber akışı nedeniyle riskli, RSI düşük ancak trend dönüş onayı beklenmeli.",%3,1:1.4,"'Spoof' ship: Seized oil tanker Skipper hid location data, visited Iran and Venezuela",https://www.cnbc.com/2025/12/11/us-venezuela-iran-oil-tanker-skipper-trump.html
2025-12-11 21:21,T,BEKLE,24.3,25.0,23.8,40,%2.88,32.52,Soybeans haberleri olumsuz ve hisse düşüş trendinde; RSI aşırı satım bölgesinde olsa da trend teyidi beklenmeli.,%2,1:1.4,Soybeans Extending Losses on Wednesday Morning,https://finance.yahoo.com/news/soybeans-extending-losses-wednesday-morning-132549089.html
2025-12-11 21:21,T,AL,24.3,25.5,23.5,65,%4.94,32.52,Aşırı satım bölgesindeki RSI ve zayıf kazanç raporunun ardından potansiyel bir tepki alımı fırsatı oluşabilir.,%5,1:1.49,Fluor Corporation (FLR) Slid on Weak Earnings Report,https://finance.yahoo.com/news/fluor-corporation-flr-slid-weak-132321291.html
2025-12-11 21:21,ADI,BEKLE,283.39,290.0,276.0,65,%2.3,74.04,"RSI aşırı alım bölgesinde ve haber nötr olduğundan, yukarı yönlü hareketin devamı için düzeltme sonrası alım fırsatı beklenebilir.",%3,1:0.88,Corn Fading Back Early on Wednesday,https://finance.yahoo.com/news/corn-fading-back-early-wednesday-132549844.html
2025-12-11 21:21,T,AL,24.3,25.5,23.8,65,%4.9,32.52,"RSI aşırı satım bölgesinde ve hisse düşüş trendinde olsa da, tüketim malları sektöründeki performans düşüklüğü haberine rağmen, tepki alımı beklentisiyle küçük bir pozisyon alınabilir.",%5,1:2.38,Brown-Forman Stock: Is BF.B Underperforming the Consumer Staples Sector?,https://finance.yahoo.com/news/brown-forman-stock-bf-b-130836399.html
2025-12-11 21:21,T,AL,24.3,25.5,23.75,65,%4.9,32.52,"Bitcoin haberi sektöre pozitif yansıyabilir ve aşırı satım bölgesindeki RSI, kısa vadeli tepki alımını destekleyebilir.",%5,1:2,Ark Invest’s Cathie Wood: Bitcoin’s Four-Year Cycle Will Be ‘Disrupted’,https://finance.yahoo.com/news/ark-invest-cathie-wood-bitcoin-132031778.html
2025-12-11 21:22,T,AL,24.3,25.5,23.8,68,%4.9,32.52,"İşsizlik başvurularındaki düşüş haberi ve aşırı satım RSI, düşüş trendine rağmen kısa vadeli tepki alımı fırsatı sunuyor.",%3,1:2.37,Jobless claims fall to lowest level since mid-May,https://www.marketwatch.com/story/jobless-claims-fall-to-lowest-level-since-mid-may-bda58e3b?mod=mw_rss_marketpulse
2025-12-11 21:22,T,AL,24.3,25.5,23.75,65,%4.9,32.52,"Düşüş trendine rağmen düşük işsizlik başvuruları ve aşırı satım RSI, kısa vadeli tepki alımı fırsatı sunuyor.",%3,1:2.12,Jobless claims stay low in latest week,https://www.marketwatch.com/story/jobless-claims-stay-low-in-latest-week-27b4b50b?mod=mw_rss_marketpulse
2025-12-11 21:22,T,AL,24.3,25.5,23.7,65,%4.9,32.52,"T, aşırı satım bölgesinde ve tüketici kredisi büyüme haberiyle kısa vadeli tepki alımı potansiyeli taşıyor.",%3,1:1.96,Consumer credit growth soars in December,https://www.marketwatch.com/story/consumer-credit-growth-soars-in-december-d405d18e?mod=mw_rss_marketpulse
2025-12-11 21:22,T,AL,24.3,25.5,23.8,65,%4.9,32.52,Düşüş trendine rağmen aşırı satım bölgesindeki RSI ve haber akışının olumsuz etkisiyle oluşabilecek tepki alımı fırsatı.,%3,1:2.37,U.S. productivity slows down in fourth quarter while unit labor costs accelerate,https://www.marketwatch.com/story/u-s-productivity-slows-down-in-fourth-quarter-while-unit-labor-costs-accelerate-3c2b9092?mod=mw_rss_marketpulse
2025-12-11 21:22,T,AL,24.3,26.5,23.5,70,%9.05,32.52,"Olumlu haber akışı ve aşırı satım RSI seviyesi, kısa vadeli tepki alımı fırsatı sunuyor.",%5,1:2.75,Beyond to buy rights to Buy Buy Baby brand and reunite it with Bed Bath & Beyond,https://www.marketwatch.com/story/beyond-to-buy-rights-to-buy-buy-baby-brand-and-reunite-it-with-bed-bath-beyond-4383c6be?mod=mw_rss_marketpulse
2025-12-11 21:22,T,AL,24.3,25.5,23.8,65,%4.9,32.52,"Aşırı satım RSI ve haber akışı, düşüş trendinde kısa vadeli tepki alımı fırsatı sunuyor.",%5,1:2.3,VanEck turns online slang into strategy with 'Degen Economy' ETF,https://www.cnbc.com/2025/12/11/vaneck-turns-online-slang-into-strategy-with-degen-economy-etf.html
2025-12-11 21:22,ORCL,AL,198.85,207.4,194.85,70,%4.3,34.76,Gün içi haber akışı ve aşırı satım RSI ile birlikte düşüş trendinde tepki alımı beklenebilir.,%5,1:2.15,"Stocks making the biggest moves midday: Oracle, Vail Resorts, GE Vernova, Brinks, Ciena & more",https://www.cnbc.com/2025/12/11/stocks-making-the-biggest-moves-midday-orcl-mtn-gev-bco-cien.html
2025-12-11 21:22,T,AL,24.3,25.5,23.7,65,%4.9,32.52,Hisse düşüş trendinde olmasına rağmen RSI aşırı satım bölgesinde ve piyasada AI endişesi varken kısa vadeli tepki alımı fırsatı sunuyor.,%5,1:1.96,'Big Short' Steve Eisman is getting worried about the AI trade,https://www.cnbc.com/2025/12/11/big-short-steve-eisman-is-getting-worried-about-the-ai-trade.html
2025-12-11 21:22,ADBE,AL,350.43,360.0,343.0,75,%2.73,63.34,"Yükseliş trendi ve pozitif haber akışı alım için uygun fırsat sunuyor, RSI aşırı alım bölgesinde değil.",%5,1:1.28,"Stocks making the biggest moves premarket: Oracle, Oxford Industries, Adobe, Gemini Space Station & more",https://www.cnbc.com/2025/12/11/stocks-making-the-biggest-moves-premarket-orcl-oxm-adbe-gemi.html
2025-12-11 21:22,T,AL,24.3,25.5,23.8,70,%4.9,32.52,"Olumlu haber akışı ve aşırı satım bölgesindeki RSI, kısa vadeli bir tepki alımı fırsatı sunuyor.",%5,1:2.3,Goldman Sachs leads investment in software delivery startup Harness at $5.5 billion valuation,https://www.cnbc.com/2025/12/11/harness-is-worth-5point5-billion-in-round-led-by-goldman-sachs.html
2025-12-11 21:22,T,AL,24.3,25.5,23.8,65,%4.9,32.52,Aşırı satım bölgesindeki RSI ve olası Fed faiz indirimi beklentisiyle kısa vadeli tepki alımı fırsatı sunuyor.,%5,1:2.3,The case for more Fed rate cuts could rest on a 'systematic overcount' of jobs numbers,https://www.cnbc.com/2025/12/11/case-for-more-fed-rate-cuts-could-rest-on-systemic-overcount-of-jobs.html
2025-12-11 21:22,T,AL,24.3,25.5,23.8,70,%4.9,32.52,"SpaceX IPO haberi ve düşük RSI, kısa vadeli bir tepki alım fırsatı sunuyor.",%5,1:2.3,Musk says SpaceX report of 2026 IPO is 'accurate',https://www.cnbc.com/2025/12/11/musk-says-spacex-report-of-2026-ipo-is-accurate.html
2025-12-11 21:22,T,AL,24.3,25.5,23.75,65,%4.9,32.52,"Venezuela haberi petrol fiyatlarını destekleyebilir, aşırı satım bölgesindeki RSI ile birlikte kısa vadeli tepki alımı fırsatı sunuyor.",%5,1:2.1,"Trump willing to seize more oil tankers off Venezuela coast, White House official says",https://www.cnbc.com/2025/12/11/us-preparing-to-seize-more-oil-tankers-off-venezuela-coast-report.html
2025-12-11 21:22,AVGO,AL,406.37,426.7,394.18,75,%5.0,64.01,Pozitif haber akışı ve yükseliş trendi ile desteklenen alım fırsatı; RSI nötr bölgede.,%5,1:1.67,"Broadcom beats on earnings and revenue, says AI chip sales will double in current quarter",https://www.cnbc.com/2025/12/11/broadcom-avgo-q4-earnings-2025.html
2025-12-11 21:22,T,AL,24.3,25.5,23.8,65,%4.9,32.52,"CEO ayrılığı hissede kısa vadeli baskı yaratsa da, aşırı satım bölgesindeki RSI tepki alımları getirebilir.",%5,1:2.4,Lululemon CEO Calvin McDonald will depart in January,https://www.cnbc.com/2025/12/11/lululemon-ceo-calvin-mcdonald-departing.html
2025-12-12 14:19,COIN,BEKLE,269.02,280.0,260.0,55,%4.1,44.09,"Haber olumlu olsa da düşüş trendi devam ediyor, RSI nötr seviyede, alım için henüz erken.",%2,1:1.2,"Carvana, Robinhood, Coinbase: How 3 of the market's biggest 2022 losers ended up in the S&P 500 this year",https://finance.yahoo.com/news/carvana-robinhood-coinbase-how-3-of-the-markets-biggest-2022-losers-ended-up-in-the-sp-500-this-year-140654224.html
2025-12-12 14:19,T,AL,24.3,25.5,23.8,75,%4.9,32.52,"Robinhood haberi ve aşırı satım RSI, kısa vadeli tepki alımı fırsatı sunuyor; trende rağmen risk yönetimi önemli.",%5,1:2.4,"Robinhood Trips Sell Signal, Cathie Wood's ARK Funds Buy The Dip",https://www.investors.com/news/robinhood-stock-monthly-metrics-cathie-wood-ark-invest-bough-dip/?src=A00220&yptr=yahoo
2025-12-12 14:19,AVGO,AL,406.37,426.7,398.24,75,%5.0,64.01,"Broadcom'un haber akışı olumlu, yükseliş trendi devam ediyor ve RSI aşırı alım bölgesinde değil, kısa vadeli alım fırsatı sunuyor.",%5,1:2.5,"These Stocks Are Moving the Most Today: Broadcom, Oracle, Tilray, Lululemon, Costco, Netskope, and More",https://www.barrons.com/articles/stock-movers-0617089c?siteid=yhoof2&yptr=yahoo
2025-12-12 14:19,T,AL,24.3,25.5,23.8,65,%4.9,32.52,"Pozitif haber akışı ve aşırı satım bölgesindeki RSI, kısa vadeli tepki alımı için fırsat sunuyor.",%5,1:2.3,Solid Results and Improved Guidance Lifted CRH (CRH) in Q3,https://finance.yahoo.com/news/solid-results-improved-guidance-lifted-135157546.html
2025-12-12 14:19,T,AL,24.3,25.5,23.8,70,%4.9,32.52,"Düşük işsizlik başvuruları ve aşırı satım RSI, kısa vadeli tepki alımı için fırsat sunuyor, trende rağmen alım düşünülebilir.",%5,1:2.3,Jobless claims fall to lowest level since mid-May,https://www.marketwatch.com/story/jobless-claims-fall-to-lowest-level-since-mid-may-bda58e3b?mod=mw_rss_marketpulse
2025-12-12 14:19,T,AL,24.3,25.5,23.8,65,%4.9,32.52,"Düşük işsizlik başvuruları ve aşırı satım RSI, düşüş trendine rağmen kısa vadeli tepki alımı fırsatı sunuyor.",%5,1:2.4,Jobless claims stay low in latest week,https://www.marketwatch.com/story/jobless-claims-stay-low-in-latest-week-27b4b50b?mod=mw_rss_marketpulse
2025-12-12 14:19,T,AL,24.3,25.5,23.8,70,%4.9,32.52,"Tüketici kredisi büyüme haberi ve aşırı satım RSI durumu, kısa vadeli tepki alımına işaret ediyor.",%5,1:2.37,Consumer credit growth soars in December,https://www.marketwatch.com/story/consumer-credit-growth-soars-in-december-d405d18e?mod=mw_rss_marketpulse
2025-12-12 14:19,T,AL,24.3,25.5,23.75,65,%4.9,32.52,"RSI aşırı satım bölgesinde ve haberin olumsuz etkisi fiyatlanmış olabilir, kısa vadeli tepki alımı beklenebilir.",%5,1:2,U.S. productivity slows down in fourth quarter while unit labor costs accelerate,https://www.marketwatch.com/story/u-s-productivity-slows-down-in-fourth-quarter-while-unit-labor-costs-accelerate-3c2b9092?mod=mw_rss_marketpulse
2025-12-12 14:19,T,AL,24.3,26.5,23.5,70,%9.05,32.52,"Olumlu haber akışı ve aşırı satım bölgesindeki RSI, kısa vadeli bir tepki alımı fırsatı sunuyor.",%5,1:2.76,Beyond to buy rights to Buy Buy Baby brand and reunite it with Bed Bath & Beyond,https://www.marketwatch.com/story/beyond-to-buy-rights-to-buy-buy-baby-brand-and-reunite-it-with-bed-bath-beyond-4383c6be?mod=mw_rss_marketpulse
2025-12-12 14:19,T,AL,24.3,25.5,23.8,65,%4.9,32.52,"Aşırı satım bölgesindeki RSI ve piyasa geneline yayılma beklentisi, kısa vadeli tepki alımını destekliyor.",%5,1:2.4,"For investors all-in on Magnificent 7-led market, 'equal weight' is trending as stock call for 2026",https://www.cnbc.com/2025/12/12/stocks-market-risks-investors-portfolios-2026.html
2025-12-12 14:19,T,AL,24.3,25.5,23.8,65,%4.9,32.52,"Düşüş trendine rağmen aşırı satım bölgesindeki RSI ve Fed yetkilisinin açıklamaları, kısa vadeli tepki alımı fırsatı sunuyor.",%5,1:2.3,Fed's Goolsbee says he's uncomfortable front-loading too many rate cuts,https://www.cnbc.com/2025/12/12/feds-goolsbee-explains-vote-against-rate-cut-says-central-bank-should-have-waited.html
2025-12-12 14:19,AVGO,AL,406.37,426.7,398.24,75,%5.0,64.01,"Haber akışı pozitif, yükseliş trendi destekliyor, uygun risk/ödül oranı ile alım fırsatı sunuyor.",%5,1:2.5,"Stocks making the biggest moves premarket: Tilray Brands, Lululemon, Broadcom, Citigroup & more",https://www.cnbc.com/2025/12/12/stocks-making-the-biggest-moves-premarket-tlry-lulu-avgo-c.html
2025-12-12 14:19,T,AL,24.3,25.5,23.8,70,%4.9,32.52,Aşırı satım bölgesindeki RSI ve Fed kararının piyasaya olası pozitif etkisi ile kısa vadeli bir tepki alımı beklenebilir.,%5,1:2.3,Fed votes to reappoint all of its regional bank presidents,https://www.cnbc.com/2025/12/11/fed-votes-to-reappoint-all-of-its-regional-bank-presidents-.html
2025-12-12 14:19,T,AL,24.3,25.5,23.8,65,%4.9,32.52,"Hisse düşüş trendinde olsa da, RSI aşırı satım bölgesinde ve haber akışı kısa vadeli tepki alımı için fırsat sunuyor.",%3,1:2.3,VanEck turns online slang into strategy with 'Degen Economy' ETF,https://www.cnbc.com/2025/12/11/vaneck-turns-online-slang-into-strategy-with-degen-economy-etf.html
2025-12-12 14:20,T,AL,24.3,27.0,23.5,75,%11.1,32.52,"Trump haberinin yarattığı pozitif momentum ve aşırı satım bölgesindeki RSI, kısa vadeli bir yükseliş fırsatı sunuyor.",%5,1:3.3,Cannabis stocks surge on reports Trump will reclassify marijuana; Tilray jumps 33%,https://www.cnbc.com/2025/12/12/cannabis-stocks-trump-regulations.html
2025-12-12 14:20,T,AL,24.3,25.5,23.8,70,%4.9,32.52,"Düşüş trendine rağmen, olumlu haber akışı ve aşırı satım bölgesindeki RSI, kısa vadeli tepki alımı fırsatı sunuyor.",%5,1:2.3,‘The next protein’: Fiber is shaping up to be the latest grocery obsession,https://www.cnbc.com/2025/12/12/fibermaxxing-high-fiber-foods-pepsi-nestle-olipop.html
2025-12-12 15:22,T,BEKLE,24.66,25.5,24.0,55,%3.4,39.96,"Düşüş trendi ve haber belirsizliği nedeniyle temkinli olunmalı, ancak RSI dip seviyelerinde olduğundan kısa vadeli tepki alımı beklenebilir.",%2,1:1.26,Charlie Munger Warned That BlackRock Holds Too Much Power And Didn't Want Larry Fink Becoming An 'Emperor',https://finance.yahoo.com/news/charlie-munger-warned-blackrock-holds-151611344.html
2025-12-12 15:22,T,BEKLE,24.66,25.5,24.0,45,%3.4,39.96,"Düşüş trendi ve negatif haber akışı nedeniyle temkinli olunmalı, RSI düşük olsa da trend onayı beklenmeli.",%2,1:1.26,Robert Kiyosaki warns of ‘massive unemployment’ caused by the ‘biggest change’ in history. Are you at risk in 2026?,https://finance.yahoo.com/news/robert-kiyosaki-warns-massive-unemployment-151500016.html
2025-12-12 15:22,T,AL,24.65,26.0,24.0,70,%5.5,39.86,"RBC'nin olumlu raporu ve düşük RSI seviyesi, düşüş trendine rağmen kısa vadeli bir tepki alımı fırsatı sunuyor.",%5,1:2.1,"RBC Turns More Constructive on UiPath (PATH), Raises PT Following Investor Meetings",https://finance.yahoo.com/news/rbc-turns-more-constructive-uipath-150849840.html
2025-12-12 15:22,IBM,AL,308.87,318.2,304.23,70,%3.02,56.32,"Yükseliş trendi korunuyor, analist notu nötr olsa da RSI alım için uygun, küçük bir tepki alımı denenebilir.",%5,1:2,IBM in Focus as Bernstein Maintains Neutral Stance After Confluent Acquisition,https://finance.yahoo.com/news/ibm-focus-bernstein-maintains-neutral-150824091.html
2025-12-12 15:22,T,AL,24.65,26.0,24.15,70,%5.48,39.86,"Pozitif haber akışı ve düşük RSI, düşüş trendine rağmen kısa vadeli tepki alımı fırsatı sunuyor.",%5,1:2.7,Stifel Sees Marvell (MRVL) Well Positioned Across the AI Data-Center Stack,https://finance.yahoo.com/news/stifel-sees-marvell-mrvl-well-150737592.html
2025-12-12 15:22,T,AL,24.65,25.5,24.25,65,%3.45,39.77,"İşsizlik başvurularındaki düşüş ve düşük RSI, kısa vadeli bir tepki alım fırsatı sunuyor.",%5,1:2.1,Jobless claims fall to lowest level since mid-May,https://www.marketwatch.com/story/jobless-claims-fall-to-lowest-level-since-mid-may-bda58e3b?mod=mw_rss_marketpulse
2025-12-12 15:22,T,AL,24.65,25.5,24.25,65,%3.45,39.77,"Düşük işsizlik başvuruları piyasayı destekleyebilir, RSI aşırı satım bölgesine yakın ve düşüş trendine rağmen kısa vadeli tepki alımı fırsatı sunuyor.",%5,1:2.13,Jobless claims stay low in latest week,https://www.marketwatch.com/story/jobless-claims-stay-low-in-latest-week-27b4b50b?mod=mw_rss_marketpulse
2025-12-12 15:22,T,AL,24.65,26.0,24.0,65,%5.5,39.77,"Tüketici kredisi büyümesi ve düşük RSI, düşüş trendine rağmen kısa vadeli tepki alımı fırsatı sunuyor.",%5,1:2.1,Consumer credit growth soars in December,https://www.marketwatch.com/story/consumer-credit-growth-soars-in-december-d405d18e?mod=mw_rss_marketpulse
2025-12-12 15:22,T,AL,24.65,26.0,24.15,65,%5.5,39.77,Düşüş trendine rağmen düşük RSI ve haber akışındaki ivmelenme kısa vadeli bir tepki alımı fırsatı sunuyor.,%5,1:2.75,U.S. productivity slows down in fourth quarter while unit labor costs accelerate,https://www.marketwatch.com/story/u-s-productivity-slows-down-in-fourth-quarter-while-unit-labor-costs-accelerate-3c2b9092?mod=mw_rss_marketpulse
2025-12-12 15:22,T,AL,24.65,26.0,24.0,70,%5.5,39.77,"Olumlu haber akışı ve düşük RSI, kısa vadeli bir toparlanma sağlayabilir.",%5,1:2.1,Beyond to buy rights to Buy Buy Baby brand and reunite it with Bed Bath & Beyond,https://www.marketwatch.com/story/beyond-to-buy-rights-to-buy-buy-baby-brand-and-reunite-it-with-bed-bath-beyond-4383c6be?mod=mw_rss_marketpulse
2025-12-12 15:22,T,AL,24.65,26.0,24.0,65,%5.5,39.77,"Düşüş trendine rağmen, haber başlığı Magnificent 7'nin ağırlığının azalacağına işaret ediyor ve RSI düşük seviyede, bu da kısa vadeli bir tepki alımına neden olabilir.",%5,1:2.1,"For investors all-in on Magnificent 7-led market, 'equal weight' is trending as stock call for 2026",https://www.cnbc.com/2025/12/12/stocks-market-risks-investors-portfolios-2026.html
2025-12-12 15:22,T,BEKLE,24.65,25.5,24.2,55,%3.45,39.77,Fed yetkilisinin açıklamaları ve düşüş trendi nedeniyle temkinli olunmalı; RSI aşırı satım bölgesine yakın ancak trend dönüş onayı beklenmeli.,%3,1:1.87,Fed's Goolsbee says he's uncomfortable front-loading too many rate cuts,https://www.cnbc.com/2025/12/12/feds-goolsbee-explains-vote-against-rate-cut-says-central-bank-should-have-waited.html
2025-12-12 15:22,AVGO,AL,366.86,385.0,358.0,70,%4.9,46.18,"Günlük düşüşe rağmen yükseliş trendi devam ediyor, haberlerde yer alması ve RSI'ın aşırı satım bölgesine yakın olması kısa vadeli tepki alımı fırsatı sunuyor.",%5,1:2,"Stocks making the biggest moves premarket: Tilray Brands, Lululemon, Broadcom, Citigroup & more",https://www.cnbc.com/2025/12/12/stocks-making-the-biggest-moves-premarket-tlry-lulu-avgo-c.html
2025-12-12 15:22,T,AL,24.65,25.5,24.2,65,%3.45,39.77,Düşüş trendi ve düşük RSI ile FED haberinin etkisiyle kısa vadeli tepki alımı fırsatı.,%5,1:1.87,Fed votes to reappoint all of its regional bank presidents,https://www.cnbc.com/2025/12/11/fed-votes-to-reappoint-all-of-its-regional-bank-presidents-.html
2025-12-12 15:22,T,AL,24.65,26.0,24.15,65,%5.5,39.77,"RSI aşırı satım bölgesine yakın, haber akışı pozitif ve düşüş trendinde tepki alımı potansiyeli var.",%5,1:2.75,VanEck turns online slang into strategy with 'Degen Economy' ETF,https://www.cnbc.com/2025/12/11/vaneck-turns-online-slang-into-strategy-with-degen-economy-etf.html
2025-12-12 15:23,T,AL,24.65,27.12,23.91,75,%10.0,39.77,"Trump haberleri hisseyi destekliyor, RSI düşük, kısa vadeli alım fırsatı doğabilir.",%5,1:3.33,Cannabis stocks surge on reports Trump will reclassify marijuana; Tilray jumps 40%,https://www.cnbc.com/2025/12/12/cannabis-stocks-trump-regulations.html
2025-12-12 15:23,T,BEKLE,24.65,25.5,24.2,55,%3.4,39.77,"Haber başlığı belirsizliğe yol açabilir, RSI düşük ancak trend düşüşte; haberin netleşmesi beklenmeli.",%3,1:1.9,"Epstein files: Trump, Clinton, Bill Gates, Steve Bannon, others in newly released photos",https://www.cnbc.com/2025/12/12/epstein-files-trump-clinton-gates-photos.html
2025-12-12 15:23,T,AL,24.65,26.0,24.15,70,%5.47,39.77,"Yatırım standartlarını kolaylaştıran yasa tasarısı ve düşük RSI, kısa vadeli bir toparlanma sağlayabilir.",%5,1:2.7,House passes INVEST Act to ease investment standards and boost capital in markets,https://www.cnbc.com/2025/12/11/house-invest-act-bill-markets.html
2025-12-12 16:24,T,BEKLE,24.75,25.5,24.25,55,%3.0,41.67,"Düşüş trendi ve negatif haber akışı nedeniyle temkinli olunmalı, ancak RSI'daki düşük seviye hafif bir toparlanma potansiyeli sunuyor.",%2,1:1.5,"Stock market today: Dow, S&P 500, Nasdaq sink amid tech exodus on Wall Street",https://finance.yahoo.com/news/live/stock-market-today-dow-sp-500-nasdaq-sink-amid-tech-exodus-on-wall-street-161634716.html
2025-12-12 16:24,JPM,AL,317.09,326.0,312.5,70,%2.81,57.33,"Yükseliş trendi ve pozitif haber akışı alım fırsatı sunuyor, RSI nötr seviyede.",%5,1:1.94,Can SoFi Do What JPMorgan Has Been Unable To In 226 Years?,https://finance.yahoo.com/news/sofi-jpmorgan-unable-226-years-161241666.html
2025-12-12 16:25,T,AL,24.75,26.25,24.0,65,%6.06,41.75,"Olumlu haber akışı ve düşük RSI, düşüş trendine rağmen kısa vadeli bir tepki alımı fırsatı sunuyor.",%5,1:2,A $3.68 Billion Infusion — And 400% Earnings Growth — Puts Reddit In Focus,https://www.investors.com/research/ibd-stock-analysis/reddit-stock-rddt-in-demand-among-best-mutual-funds/?src=A00220&yptr=yahoo
2025-12-12 16:25,T,AL,24.75,26.25,24.0,65,%6.06,41.75,Trump haberinin yarattığı momentum ve düşük RSI nedeniyle kısa vadeli bir tepki alımı fırsatı doğabilir.,%5,1:2,Donald Trump Lifts These Marijuana Stocks On Reports He's Poised To Loosen Federal Restrictions,https://www.investors.com/news/trump-lifts-marijuana-stocks-reports-to-loosen-federal-restrictions/?src=A00220&yptr=yahoo
2025-12-12 16:25,TSLA,AL,444.89,467.13,431.55,75,%5.0,54.82,"Elon Musk'ın beklentileri ve yükseliş trendi alım için destek sağlıyor, RSI da aşırı alım bölgesinde değil.",%5,1:1.67,Tesla Stock Teases Early Entry Amid Bets Elon Musk Can Hit This Deadline,https://www.investors.com/news/tesla-stock-early-entry-elon-musk-self-driving-target/?src=A00220&yptr=yahoo
2025-12-12 16:25,T,AL,24.75,26.25,24.25,65,%6.06,41.76,"İşsizlik başvurularındaki düşüş hisseye pozitif yansıyabilir, RSI da uygun seviyede olduğundan kısa vadeli tepki alımı denenebilir.",%5,1:3,Jobless claims fall to lowest level since mid-May,https://www.marketwatch.com/story/jobless-claims-fall-to-lowest-level-since-mid-may-bda58e3b?mod=mw_rss_marketpulse
2025-12-12 16:25,T,AL,24.75,25.5,24.25,65,%3.0,41.76,"Haber akışı olumlu, RSI aşırı satım bölgesine yakın ve düşüş trendinde tepki alımı beklenebilir.",%5,1:1.5,Jobless claims stay low in latest week,https://www.marketwatch.com/story/jobless-claims-stay-low-in-latest-week-27b4b50b?mod=mw_rss_marketpulse
2025-12-12 16:25,T,AL,24.75,26.0,24.0,65,%5.0,41.76,"Tüketici kredisi büyümesi haberi ve RSI'ın düşüklüğü, düşüş trendine rağmen kısa vadeli alım fırsatı sunuyor.",%5,1:1.67,Consumer credit growth soars in December,https://www.marketwatch.com/story/consumer-credit-growth-soars-in-december-d405d18e?mod=mw_rss_marketpulse
2025-12-12 16:25,T,BEKLE,24.75,25.5,24.25,45,%3.0,41.76,"Düşüş trendi ve zayıf makroekonomik haberler nedeniyle alım için henüz erken, RSI uygun olsa da trend dönüşü teyidi beklenmeli.",%3,1:1.5,U.S. productivity slows down in fourth quarter while unit labor costs accelerate,https://www.marketwatch.com/story/u-s-productivity-slows-down-in-fourth-quarter-while-unit-labor-costs-accelerate-3c2b9092?mod=mw_rss_marketpulse
2025-12-12 16:25,T,AL,24.75,26.25,24.0,75,%6.06,41.76,"Olumlu haber akışı ve düşük RSI, kısa vadeli tepki alımı fırsatı sunuyor.",%5,1:2,Beyond to buy rights to Buy Buy Baby brand and reunite it with Bed Bath & Beyond,https://www.marketwatch.com/story/beyond-to-buy-rights-to-buy-buy-baby-brand-and-reunite-it-with-bed-bath-beyond-4383c6be?mod=mw_rss_marketpulse
2025-12-12 16:25,T,AL,24.75,26.24,24.0,65,%6.02,41.76,Düşüş trendine rağmen haberin pozitif etkisi ve RSI'ın düşük olması kısa vadeli tepki alımı için fırsat sunuyor.,%3,1:2,"For investors all-in on Magnificent 7-led market, 'equal weight' is trending as stock call for 2026",https://www.cnbc.com/2025/12/12/stocks-market-risks-investors-portfolios-2026.html
2025-12-12 16:25,T,BEKLE,24.75,25.5,24.25,45,%3.0,41.76,"Şahin Fed açıklaması ve düşüş trendi nedeniyle alım için uygun seviye değil, ancak tepki ihtimali düşük riskle denenebilir.",%2,1:1.5,Fed's Goolsbee says he's uncomfortable front-loading too many rate cuts,https://www.cnbc.com/2025/12/12/feds-goolsbee-explains-vote-against-rate-cut-says-central-bank-should-have-waited.html
2025-12-12 16:25,AVGO,AL,362.21,375.0,355.0,70,%3.53,44.72,"Gün içi düşüş fırsat yarattı, yükseliş trendi ve haber akışı kısa vadeli alım fırsatı sunuyor.",%5,1:1.77,"Stocks making the biggest moves premarket: Tilray Brands, Lululemon, Broadcom, Citigroup & more",https://www.cnbc.com/2025/12/12/stocks-making-the-biggest-moves-premarket-tlry-lulu-avgo-c.html
2025-12-12 16:25,T,AL,24.75,26.24,24.25,65,%6.0,41.76,"Düşüş trendine rağmen Fed haberi ve RSI'daki göreceli düşük seviye, kısa vadeli bir tepki alımı için fırsat sunuyor.",%5,1:3,Fed votes to reappoint all of its regional bank presidents,https://www.cnbc.com/2025/12/11/fed-votes-to-reappoint-all-of-its-regional-bank-presidents-.html
2025-12-12 16:25,T,AL,24.75,26.0,24.0,65,%5.05,41.67,"Düşüş trendine rağmen haber akışı pozitif ve RSI dip seviyelerde, kısa vadeli bir tepki alımı fırsatı sunuyor.",%3,1:1.66,VanEck turns online slang into strategy with 'Degen Economy' ETF,https://www.cnbc.com/2025/12/11/vaneck-turns-online-slang-into-strategy-with-degen-economy-etf.html
2025-12-12 16:25,T,BEKLE,24.75,26.0,24.0,45,%5.05,41.67,"Düşüş trendi ve negatif haber akışı nedeniyle alım için erken, RSI nötr bölgede, trendin değiştiğine dair sinyal beklenmeli.",%2,1:1.67,Homeowners are losing thousands in equity thanks to weakening prices,https://www.cnbc.com/2025/12/12/homeowners-losing-equity-weakening-prices.html
2025-12-12 16:25,T,BEKLE,24.75,25.5,24.25,55,%3.03,41.67,"Düşüş trendi ve haber akışı belirsizliği nedeniyle temkinli olunmalı, RSI düşük olsa da trende karşı işlem açılmamalı.",%2,1:1.5,"Epstein files: Trump, Clinton, Bill Gates, Steve Bannon, others in newly released photos",https://www.cnbc.com/2025/12/12/epstein-files-trump-clinton-gates-photos.html
2025-12-12 16:25,T,AL,24.76,26.0,24.26,65,%4.9,41.76,"Fiber haberinin hisse üzerindeki potansiyel pozitif etkisi ve RSI'daki düşük seviye, kısa vadeli bir alım fırsatı sunuyor.",%3,1:2.45,‘The next protein’: Fiber is shaping up to be the latest grocery obsession,https://www.cnbc.com/2025/12/12/fibermaxxing-high-fiber-foods-pepsi-nestle-olipop.html
2025-12-12 17:19,T,BEKLE,24.66,25.5,24.2,55,%3.4,40.05,"Genel piyasa düşüş trendi ve hissenin SMA50 altında olması nedeniyle AL sinyali için aceleci olmamakla birlikte, RSI'ın aşırı satım bölgesine yakın olması kısa vadeli tepki alımı fırsatı sunabilir.",%3,1:1.83,"Stock market today: Dow, S&P 500, Nasdaq sink amid tech exodus on Wall Street",https://finance.yahoo.com/news/live/stock-market-today-dow-sp-500-nasdaq-sink-amid-tech-exodus-on-wall-street-161634716.html
2025-12-12 17:19,T,AL,24.66,26.0,24.16,65,%5.43,40.05,"RSI düşük ve haber pozitif, kısa vadeli tepki alımı fırsatı sunuyor ancak genel trend düşüşte.",%5,1:2.67,"Dave Ramsey Says GenZ, Millennials 'Grew Up With This Magic Wand in Hand' – 'Anything You Want is Right There'",https://finance.yahoo.com/news/dave-ramsey-says-genz-millennials-170011326.html
2025-12-12 17:19,T,BEKLE,24.66,25.5,24.2,55,%3.4,39.96,"Sağlık sektörü haberi belirsizlik yaratıyor, düşüş trendi devam ediyor, RSI düşük ancak alım için yeterli değil, beklemek daha güvenli.",%2,1:1.8,Ohio toddler’s 40-minute ambulance ride came with a $9K bill. How an exception to surprise billing rules hurts Americans,https://finance.yahoo.com/news/ohio-toddler-40-minute-ambulance-170000957.html
2025-12-12 17:19,T,AL,24.66,25.66,24.16,65,%4.05,39.96,"Haber pozitif ve RSI aşırı satım bölgesine yakın, kısa vadeli bir tepki alımı beklenebilir, trende rağmen haber etkisi öncelikli.",%5,1:2,"Maersk tabs new CFO, North American chief in global leadership shakeup",https://finance.yahoo.com/news/maersk-tabs-cfo-north-american-165949180.html
2025-12-12 17:19,AVGO,AL,365.32,385.0,357.0,75,%5.39,45.69,"Beklenti üzeri karlılığa rağmen düşüş yaşanması alım fırsatı sunuyor; Yükseliş trendi korunuyor, RSI da aşırı satım bölgesine yakın.",%5,1:2.5,Why Broadcom Stock Is Down Despite Beat-And-Raise Report,https://www.investors.com/news/technology/broadcom-stock-falls-after-fiscal-q4-report/?src=A00220&yptr=yahoo
2025-12-12 17:19,T,AL,24.66,25.65,24.25,65,%4.01,39.96,"Düşüş trendine rağmen işsizlik başvurularındaki düşüş ve düşük RSI, kısa vadeli bir tepki alımına işaret ediyor.",%5,1:2.4,Jobless claims fall to lowest level since mid-May,https://www.marketwatch.com/story/jobless-claims-fall-to-lowest-level-since-mid-may-bda58e3b?mod=mw_rss_marketpulse
2025-12-12 17:19,T,AL,24.66,25.66,24.16,65,%4.05,39.96,"İşsizlik başvuruları olumlu, RSI düşük ve SMA50 altında olmasına rağmen kısa vadeli tepki alımı beklenebilir.",%5,1:2,Jobless claims stay low in latest week,https://www.marketwatch.com/story/jobless-claims-stay-low-in-latest-week-27b4b50b?mod=mw_rss_marketpulse
2025-12-12 17:19,T,AL,24.66,26.0,24.0,65,%5.43,39.96,"Tüketici kredisi büyümesi haberi ve düşük RSI, kısa vadeli tepki alım fırsatı sunuyor; SMA50 altında olması risk içeriyor.",%5,1:2,Consumer credit growth soars in December,https://www.marketwatch.com/story/consumer-credit-growth-soars-in-december-d405d18e?mod=mw_rss_marketpulse
2025-12-12 17:20,T,BEKLE,24.66,25.5,24.3,55,%3.4,39.96,"Düşüş trendi ve makroekonomik belirsizlik devam ederken, RSI aşırı satım bölgesine yakın olsa da, kırılma teyidi beklenmeli.",%3,1:2.2,U.S. productivity slows down in fourth quarter while unit labor costs accelerate,https://www.marketwatch.com/story/u-s-productivity-slows-down-in-fourth-quarter-while-unit-labor-costs-accelerate-3c2b9092?mod=mw_rss_marketpulse
2025-12-12 17:20,T,AL,24.66,26.0,24.0,75,%5.43,39.96,"Olumlu haber akışı ve düşük RSI, kısa vadeli tepki alımı için fırsat sunuyor.",%5,1:2,Beyond to buy rights to Buy Buy Baby brand and reunite it with Bed Bath & Beyond,https://www.marketwatch.com/story/beyond-to-buy-rights-to-buy-buy-baby-brand-and-reunite-it-with-bed-bath-beyond-4383c6be?mod=mw_rss_marketpulse
2025-12-12 17:20,T,AL,24.66,26.0,24.0,65,%5.43,39.96,"Haber başlığı, düşüş trendine rağmen orta vadeli eşit ağırlıklandırmaya işaret ediyor, düşük RSI ile kısa vadeli tepki alımı fırsatı sunuyor.",%5,1:2,"For investors all-in on Magnificent 7-led market, 'equal weight' is trending as stock call for 2026",https://www.cnbc.com/2025/12/12/stocks-market-risks-investors-portfolios-2026.html
2025-12-12 17:20,T,BEKLE,24.66,25.5,24.0,55,%3.4,39.96,"Fed'in faiz indirimleri konusunda temkinli açıklamaları ve düşüş trendi nedeniyle riskli bir ortam var, RSI düşük olsa da alım için haber akışının netleşmesi beklenmeli.",%2,1:1.26,Fed's Goolsbee says he's uncomfortable front-loading too many rate cuts,https://www.cnbc.com/2025/12/12/feds-goolsbee-explains-vote-against-rate-cut-says-central-bank-should-have-waited.html
2025-12-12 17:20,AVGO,AL,365.39,385.0,357.0,75,%5.37,45.71,"Gün içi düşüş ve hafif RSI değerleri alım fırsatı sunarken, yükseliş trendi ve haber başlığı da yukarı yönlü hareketi destekliyor.",%5,1:2.34,"Stocks making the biggest moves premarket: Tilray Brands, Lululemon, Broadcom, Citigroup & more",https://www.cnbc.com/2025/12/12/stocks-making-the-biggest-moves-premarket-tlry-lulu-avgo-c.html
2025-12-12 17:20,T,AL,24.66,26.0,24.0,65,%5.43,39.96,Fed kararının piyasayı rahatlatması ve RSI'ın düşük seviyesi kısa vadeli alım fırsatı sunuyor.,%5,1:2,Fed votes to reappoint all of its regional bank presidents,https://www.cnbc.com/2025/12/11/fed-votes-to-reappoint-all-of-its-regional-bank-presidents-.html
2025-12-12 17:20,T,AL,24.65,26.0,24.0,65,%5.5,39.86,"RSI aşırı satım bölgesine yakın, haber akışı potansiyel tepki alımını destekliyor, kısa vadeli yükseliş beklenebilir.",%5,1:2.1,VanEck turns online slang into strategy with 'Degen Economy' ETF,https://www.cnbc.com/2025/12/11/vaneck-turns-online-slang-into-strategy-with-degen-economy-etf.html
2025-12-12 17:20,T,BEKLE,24.65,25.5,24.2,55,%3.45,39.86,Trend düşüşte ve haber data merkezi sektörünü etkiliyor; RSI düşük olsa da net bir sinyal için beklenmeli.,%3,1:1.87,Red hot Texas is getting so many data center requests that experts see a bubble,https://www.cnbc.com/2025/12/12/ai-data-center-flood-texas-on-massive-scale.html
2025-12-12 17:20,T,AL,24.65,26.5,24.0,75,%7.5,39.86,"Marijuana regülasyonu haberi düşüş trendine rağmen alım fırsatı sunuyor, RSI da destekliyor.",%5,1:2.9,"Trump expected to sign executive order to reclassify marijuana as soon as Monday, source tells CNBC; pot stocks surge",https://www.cnbc.com/2025/12/12/cannabis-stocks-trump-regulations.html
2025-12-12 17:20,T,BEKLE,24.65,26.0,24.0,45,%5.5,39.86,"Düşüş trendi ve negatif haber akışı nedeniyle temkinli olunmalı, RSI düşük olmasına rağmen yükseliş onayı beklenmeli.",%2,1:2.1,Homeowners are losing thousands in equity thanks to weakening prices,https://www.cnbc.com/2025/12/12/homeowners-losing-equity-weakening-prices.html
2025-12-12 17:20,T,BEKLE,24.65,25.5,24.0,55,%3.45,39.86,"Düşüş trendi ve haber akışı belirsizliği nedeniyle beklemede kalınmalı, tepki yükselişi için uygun bir nokta aranmalı.",%2,1:1.3,"Epstein photos: Trump, Clinton, Bill Gates, Steve Bannon, others in newly released files",https://www.cnbc.com/2025/12/12/epstein-files-trump-clinton-gates-photos.html
2025-12-12 17:20,T,AL,24.65,26.0,24.0,65,%5.5,39.86,"Haberdeki AI vurgusu ve düşük RSI, düşüş trendine rağmen kısa vadeli tepki alımı fırsatı sunuyor.",%5,2.1:1,"Rivian's AI, autonomy impress Wall Street, but EV and capital concerns remain",https://www.cnbc.com/2025/12/12/rivian-rivn-ai-ev.html
2025-12-12 17:57,T,AL,24.6,25.8,24.1,65,%4.88,39.01,"Düşüş trendi ve zayıf RSI'ya rağmen, beklenmedik restoran kapanışı haberi kısa vadeli tepki alımına neden olabilir, risk yönetimi ön planda tutulmalı.",%5,1:2.4,McDonald's is unexpectedly closing another restaurant,https://finance.yahoo.com/news/mcdonalds-unexpectedly-closing-another-restaurant-174700950.html
2025-12-12 17:57,T,AL,24.6,26.0,24.0,65,%5.69,39.01,Düşüş trendine rağmen düşük RSI ve potansiyel olumlu haber etkisiyle kısa vadeli tepki alımı fırsatı.,%3,1:2.33,Diminished value claim: How to reclaim some lost value following an accident,https://finance.yahoo.com/personal-finance/insurance/article/diminished-value-claim-184810253.html
2025-12-12 17:57,T,AL,24.6,26.0,24.0,70,%5.69,39.01,"Gümüş fiyatlarındaki artışın madencilik şirketini alım bölgesine sokması ve düşük RSI değeri, kısa vadeli bir tepki alımı için fırsat sunuyor.",%5,1:2.36,Record Silver Prices Pushed Mining Giant Into A Buy Zone,https://www.investors.com/news/newmont-stock-silver-prices-mining-giant/?src=A00220&yptr=yahoo
2025-12-12 17:57,ORCL,AL,190.55,199.0,185.0,65,%4.43,31.46,"Olumsuz habere rağmen aşırı satım bölgesindeki RSI ve düşüş trendi, kısa vadeli tepki alımı fırsatı sunabilir.",%5,1:1.5,Oracle Stock Falls Further On Report It's Delaying Some OpenAI Data Centers To 2028,https://www.investors.com/news/technology/oracle-stock-openai-data-center-delay/?src=A00220&yptr=yahoo
2025-12-12 17:57,T,BEKLE,24.6,25.5,24.0,55,%3.66,39.01,"Haber akışı negatif ve trend düşüşte, ancak RSI aşırı satım bölgesine yakın; olası tepki alımı için beklemede kalınmalı.",%2,1:1.5,Stock Market Today: Nasdaq Slumps As New Data Center Play Craters (Live Coverage),https://www.investors.com/market-trend/stock-market-today/dow-jones-sp500-nasdaq-ai-stocks-broadcom-avgo-stock/?src=A00220&yptr=yahoo
2025-12-12 17:57,T,AL,24.6,26.0,24.1,70,%5.7,38.91,"Olumlu işsizlik başvuruları verisi ve düşük RSI, kısa vadeli tepki alımı için fırsat sunuyor.",%5,1:2.85,Jobless claims fall to lowest level since mid-May,https://www.marketwatch.com/story/jobless-claims-fall-to-lowest-level-since-mid-may-bda58e3b?mod=mw_rss_marketpulse
2025-12-12 17:57,T,AL,24.6,25.85,24.1,65,%5.1,38.91,"Düşük işsizlik başvuruları ve RSI'daki toparlanma, kısa vadeli bir yukarı yönlü hareket için zemin hazırlıyor.",%5,1:2.55,Jobless claims stay low in latest week,https://www.marketwatch.com/story/jobless-claims-stay-low-in-latest-week-27b4b50b?mod=mw_rss_marketpulse
2025-12-12 17:57,T,AL,24.6,26.0,24.0,65,%5.7,38.91,"Tüketici kredisi büyümesi haberi ve düşük RSI, kısa vadeli tepki alımı için fırsat sunuyor.",%5,1:2.37,Consumer credit growth soars in December,https://www.marketwatch.com/story/consumer-credit-growth-soars-in-december-d405d18e?mod=mw_rss_marketpulse
2025-12-12 17:57,T,AL,24.6,26.0,24.0,65,%5.69,38.91,"Düşük RSI ve haber akışının tetikleyebileceği kısa vadeli tepki alımı fırsatı, trende rağmen değerlendirilebilir.",%3,1:2.37,U.S. productivity slows down in fourth quarter while unit labor costs accelerate,https://www.marketwatch.com/story/u-s-productivity-slows-down-in-fourth-quarter-while-unit-labor-costs-accelerate-3c2b9092?mod=mw_rss_marketpulse
2025-12-12 17:57,T,AL,24.6,26.0,24.0,70,%5.7,38.91,"Olumlu haber akışı ve düşük RSI, kısa vadeli bir tepki alımını tetikleyebilir.",%10,1:2.37,Beyond to buy rights to Buy Buy Baby brand and reunite it with Bed Bath & Beyond,https://www.marketwatch.com/story/beyond-to-buy-rights-to-buy-buy-baby-brand-and-reunite-it-with-bed-bath-beyond-4383c6be?mod=mw_rss_marketpulse
2025-12-12 17:57,T,AL,24.6,26.0,23.8,65,%5.69,38.91,"Haber Magnificent 7'den uzaklaşmaya işaret ediyor, RSI düşük ve trend düşüşte olsa da tepki alımı beklenebilir, orta riskli bir pozisyon.",%3,1:1.75,"For investors all-in on Magnificent 7-led market, 'equal weight' is trending as stock call for 2026",https://www.cnbc.com/2025/12/12/stocks-market-risks-investors-portfolios-2026.html
2025-12-12 17:57,T,BEKLE,24.6,25.5,24.0,55,%3.66,39.01,"Düşüş trendi ve Fed yetkilisinin açıklamaları baskı yaratırken, RSI dip seviyelerde, olası bir tepki alımı için beklemede kalınmalı.",%3,1:1.5,Fed's Goolsbee says he's uncomfortable front-loading too many rate cuts,https://www.cnbc.com/2025/12/12/feds-goolsbee-explains-vote-against-rate-cut-says-central-bank-should-have-waited.html
2025-12-12 17:57,AVGO,AL,363.37,385.0,354.0,75,%5.95,45.08,"Gün içi düşüş ve haber akışı alım fırsatı sunuyor, trend hala yukarı yönlü.",%5,1:2.3,"Stocks making the biggest moves premarket: Tilray Brands, Lululemon, Broadcom, Citigroup & more",https://www.cnbc.com/2025/12/12/stocks-making-the-biggest-moves-premarket-tlry-lulu-avgo-c.html
2025-12-12 17:57,T,AL,24.6,25.5,24.2,65,%3.66,39.01,"Fed başkanlarının yeniden atanması piyasayı rahatlatabilir, düşük RSI ile birlikte kısa vadeli tepki alımı fırsatı sunuyor.",%5,1:2.29,Fed votes to reappoint all of its regional bank presidents,https://www.cnbc.com/2025/12/11/fed-votes-to-reappoint-all-of-its-regional-bank-presidents-.html
2025-12-12 17:58,T,AL,24.61,26.0,24.0,65,%5.6,39.11,"Haber akışı destekleyici, RSI aşırı satım bölgesine yakın ve kısa vadeli tepki alımı beklenebilir.",%5,1:2.24,VanEck turns online slang into strategy with 'Degen Economy' ETF,https://www.cnbc.com/2025/12/11/vaneck-turns-online-slang-into-strategy-with-degen-economy-etf.html
2025-12-12 17:58,T,AL,24.61,27.07,23.62,75,%10.0,39.11,"Marijuana haberinin tetiklediği yukarı yönlü ivme ve uygun RSI seviyesi alım fırsatı sunuyor, SMA50 altındaki trende rağmen kısa vadeli tepki beklentisi var.",%5,1:2.5,"Trump expected to sign executive order to reclassify marijuana as soon as Monday, source tells CNBC; pot stocks surge",https://www.cnbc.com/2025/12/12/cannabis-stocks-trump-regulations.html
2025-12-12 17:58,T,BEKLE,24.61,25.5,24.0,45,%3.6,39.11,"Düşüş trendi ve olumsuz haber akışı nedeniyle beklemede kalınmalı, RSI düşük olsa da yukarı yönlü hareket için yeterli sinyal yok.",%3,1:1.44,Homeowners are losing thousands in equity thanks to weakening prices,https://www.cnbc.com/2025/12/12/homeowners-losing-equity-weakening-prices.html
2025-12-12 17:58,T,BEKLE,24.6,25.5,24.2,45,%3.66,39.01,"Haber başlığı belirsiz bir etki yaratabilir, düşüş trendi ve nötr RSI ile beklemek daha güvenli.",%2,1:2.25,"Epstein photos: Trump, Clinton, Bill Gates, Steve Bannon, others in newly released files",https://www.cnbc.com/2025/12/12/epstein-files-trump-clinton-gates-photos.html
2025-12-12 17:58,T,AL,24.6,26.0,24.0,65,%5.7,39.01,"RSI aşırı satım bölgesine yakın ve haber başlığındaki olumlu AI vurgusu, kısa vadeli tepki alımını destekleyebilir.",%5,1:2.38,"Rivian's AI, autonomy impress Wall Street, but EV and capital concerns remain",https://www.cnbc.com/2025/12/12/rivian-rivn-ai-ev.html
2025-12-12 17:58,AVGO,BEKLE,363.33,375.0,355.0,55,%3.2,45.06,AI kaynaklı düşüş ve zayıf RSI nedeniyle alım için henüz erken; tepki yükselişi potansiyeli var ancak haber akışı takip edilmeli.,%3,1:1.4,"AI-led tech slide extends into third day as Oracle, Broadcom fall",https://www.cnbc.com/2025/12/12/ai-led-tech-slide-extends-as-oracle-nvidia-down-in-premarket-trading.html
